0,1,2,3,4,5,6,7,8,9,10,11,12,13,14,15,16,17,18,19,20,21,22,23,24,25,26,27,28,29,30,31,32,33,34,35,36,37,38,39,40,41,42,43,44,45,46,47,48,49,50,51,52,53,54,55,56,57,58,59,60,61,62
0.0,0.0,0.0,0.0,0.0,0.0,0.0,0.0,0.0,0.0,0.0,0.0,0.0,0.0,0.0,0.0,0.0,0.0,0.0,0.0,0.0,0.0,0.0,0.0,0.0,0.0,0.0,0.0,0.0,0.0,0.0,0.0,0.0,0.0,0.0,0.0,0.0,0.0,0.0,0.0,0.0,0.0,0.0,0.0,0.0,0.0,0.0,0.0,0.0,0.0,0.0,0.0,0.0,0.0,0.0,0.0,0.0,0.0,0.0,0.0,0.0,0.0,0.0
0.0,0.0,0.0,0.0,0.0,0.0,0.0,0.0,0.0,0.0,0.0,0.0,0.0,0.0,0.0,0.0,0.0,0.0,0.0,0.0,0.0,0.0,0.0,0.0,0.0,0.0,0.0,0.0,0.0,0.0,0.0,0.0,0.0,0.0,0.0,0.0,0.0,0.0,0.0,0.0,0.0,0.0,0.0,0.0,0.0,0.0,0.0,0.0,0.0,0.0,0.0,0.0,0.0,0.0,0.0,0.0,0.0,0.0,0.0,0.0,0.0,0.0,0.0
0.0,0.0,0.0,0.0,0.0,0.0,0.0,0.0,0.0,0.0,0.0,0.0,0.0,0.0,0.0,0.0,0.0,0.0,0.0,0.0,0.0,0.0,0.0,0.0,0.0,0.0,0.0,0.0,0.0,0.0,0.0,0.0,0.0,0.0,0.0,0.0,0.0,0.0,0.0,0.0,0.0,0.0,0.0,0.0,0.0,0.0,0.0,0.0,0.0,0.0,0.0,0.0,0.0,0.0,0.0,0.0,0.0,0.0,0.0,0.0,0.0,0.0,0.0
0.0,0.0,0.0,0.0,0.0,0.0,0.0,0.0,0.0,0.0,0.0,0.0,0.0,0.0,0.0,0.0,0.0,0.0,0.0,0.0,0.0,0.0,0.0,0.0,0.0,0.0,0.0,0.0,0.0,0.0,0.0,0.0,0.0,0.0,0.0,0.0,0.0,0.0,0.0,0.0,0.0,0.0,0.0,0.0,0.0,0.0,0.0,0.0,0.0,0.0,0.0,0.0,0.0,0.0,0.0,0.0,0.0,0.0,0.0,0.0,0.0,0.0,0.0
0.0,0.0,0.0,0.0,0.0,0.0,0.0,0.0,0.0,0.0,0.0,0.0,0.0,0.0,0.0,0.0,0.0,0.0,0.0,0.0,0.0,0.0,0.0,0.0,0.0,0.0,0.0,0.0,0.0,0.0,0.0,0.0,0.0,0.0,0.0,0.0,0.0,0.0,0.0,0.0,0.0,0.0,0.0,0.0,0.0,0.0,0.0,0.0,0.0,0.0,0.0,0.0,0.0,0.0,0.0,0.0,0.0,0.0,0.0,0.0,0.0,0.0,0.0
0.0,0.0,0.0,0.0,0.0,0.0,0.0,0.0,0.0,0.0,0.0,0.0,0.0,0.0,0.0,0.0,0.0,0.0,0.0,0.0,0.0,0.0,0.0,0.0,0.0,0.0,0.0,0.0,0.0,0.0,0.0,0.0,0.0,0.0,0.0,0.0,0.0,0.0,0.0,0.0,0.0,0.0,0.0,0.0,0.0,0.0,0.0,0.0,0.0,0.0,0.0,0.0,0.0,0.0,0.0,0.0,0.0,0.0,0.0,0.0,0.0,0.0,0.0
0.0,0.0,0.0,0.0,0.0,0.0,0.0,0.0,0.0,0.0,0.0,0.0,0.0,0.0,0.0,0.0,0.0,0.0,0.0,0.0,0.0,0.0,0.0,0.0,0.0,0.0,0.0,0.0,0.0,0.0,0.0,0.0,0.0,0.0,0.0,0.0,0.0,0.0,0.0,0.0,0.0,0.0,0.0,0.0,0.0,0.0,0.0,0.0,0.0,0.0,0.0,0.0,0.0,0.0,0.0,0.0,0.0,0.0,0.0,0.0,0.0,0.0,0.0
0.0,0.0,0.0,0.0,0.0,0.0,0.0,0.0,0.0,0.0,0.0,0.0,0.0,0.0,0.0,0.0,0.0,0.0,0.0,0.0,0.0,0.0,0.0,0.0,0.0,0.0,0.0,0.0,0.0,0.0,0.0,0.0,0.0,0.0,0.0,0.0,0.0,0.0,0.0,0.0,0.0,0.0,0.0,0.0,0.0,0.0,0.0,0.0,0.0,0.0,0.0,0.0,0.0,0.0,0.0,0.0,0.0,0.0,0.0,0.0,0.0,0.0,0.0
0.0,0.0,0.0,0.0,0.0,0.0,0.0,0.0,0.0,0.0,0.0,0.0,0.0,0.0,0.0,0.0,0.0,0.0,0.0,0.0,0.0,0.0,0.0,0.0,0.0,0.0,0.0,0.0,0.0,0.0,0.0,0.0,0.0,0.0,0.0,0.0,0.0,0.0,0.0,0.0,0.0,0.0,0.0,0.0,0.0,0.0,0.0,0.0,0.0,0.0,0.0,0.0,0.0,0.0,0.0,0.0,0.0,0.0,0.0,0.0,0.0,0.0,0.0
0.0,0.0,0.0,0.0,0.0,0.0,0.0,0.0,0.0,0.0,0.0,0.0,0.0,0.0,0.0,0.0,0.0,0.0,0.0,0.0,0.0,0.0,0.0,0.0,0.0,0.0,0.0,0.0,0.0,0.0,0.0,0.0,0.0,0.0,0.0,0.0,0.0,0.0,0.0,0.0,0.0,0.0,0.0,0.0,0.0,0.0,0.0,0.0,0.0,0.0,0.0,0.0,0.0,0.0,0.0,0.0,0.0,0.0,0.0,0.0,0.0,0.0,0.0
0.07271439,0.080060124,-3.5665246e-07,0.05339996,0.13539264,-0.012672256,0.0250341,0.16043414,-0.013132308,0.0041711424,0.17303142,-0.008130999,-0.006896941,0.17575057,-0.0020976462,-0.024522094,0.104594186,-0.01466936,-0.030352455,0.15253627,-0.0063712043,-0.010589214,0.16535625,-0.0015855905,0.0027207509,0.15919602,0.001008047,-0.01651601,0.07942109,-0.0031382865,-0.020315921,0.12915128,0.00833674,-0.0027360646,0.14377418,0.009466698,0.011878479,0.14184234,0.006587481,-0.0030112136,0.065656416,0.009769248,-0.005461877,0.11264211,0.020189611,0.009886144,0.12649857,0.017870968,0.023431461,0.12387371,0.012196537,0.009452749,0.059295207,0.022453876,0.006769391,0.10047063,0.030358875,0.019265048,0.11256201,0.031942643,0.030247383,0.11152495,0.03134792
0.07535633,0.062349323,-3.8762502e-07,0.051167678,0.1146521,0.00023725508,0.024962861,0.13629584,0.013490513,0.0039019296,0.15030551,0.03228748,-0.013828857,0.15575968,0.05251044,-0.018604696,0.09064628,0.011956911,-0.019944502,0.12808692,0.040532853,-0.0025728457,0.13939846,0.05510382,0.009461545,0.13671343,0.062552504,-0.012833726,0.0668579,0.026091529,-0.01409849,0.10424378,0.058532078,0.0037803394,0.11716795,0.062831916,0.018773686,0.119184025,0.059715267,-0.0040842416,0.051297873,0.04322157,-0.005938247,0.08392891,0.07183707,0.010785057,0.09745374,0.06605436,0.025312206,0.09786141,0.054699156,0.0006067548,0.03761039,0.061447036,0.00020619482,0.06620749,0.07989097,0.013177137,0.077709064,0.078635305,0.023118377,0.07940447,0.07400448
0.07894959,0.042329915,-2.8167105e-07,0.055255234,0.08845864,8.3379564e-05,0.02498275,0.110127896,0.008860533,0.0006793011,0.11782278,0.018330947,-0.014831375,0.119516104,0.029329171,-0.0021648388,0.045870546,0.026948487,-0.014978062,0.08603882,0.039213825,-0.00018652529,0.102503374,0.041093852,0.01101231,0.09971344,0.041761003,0.004627647,0.03373496,0.03303465,-0.00938355,0.07642562,0.04801815,0.0052478136,0.09255127,0.045985892,0.015557408,0.08902995,0.042609755,0.012174599,0.029442802,0.038681082,-0.0012474768,0.068741955,0.05080378,0.011376524,0.08561396,0.047827013,0.02132814,0.080287784,0.043549195,0.018061947,0.026488788,0.044544514,0.006679477,0.060620923,0.05441957,0.017215995,0.07369995,0.057088293,0.02545929,0.06951054,0.058349527
0.07848937,0.030303128,-1.4993832e-07,0.05545482,0.0580643,-0.010512707,0.025019785,0.068762004,-0.0039699026,0.0021119434,0.077571645,0.0056945425,-0.011769416,0.08450575,0.018161861,0.0070599495,0.014721401,0.020432219,-0.014287939,0.03704776,0.031562913,-0.011005713,0.059206508,0.034969684,-0.004297208,0.06583572,0.0373671,0.013470801,0.012301441,0.03268225,-0.0074849743,0.03552023,0.04671575,-0.00010752678,0.056144483,0.04674952,0.0055818707,0.05856843,0.04584062,0.019613568,0.015371703,0.043055356,-0.00022168085,0.034880724,0.05341241,0.0057271477,0.054023057,0.050851233,0.012707773,0.054195967,0.048102137,0.02311692,0.018202078,0.052607458,0.00789786,0.037820533,0.06119463,0.012508293,0.050441213,0.062089387,0.017379401,0.04886458,0.062470894
0.09670734,0.030343201,-1.2914722e-07,0.07457422,0.058815252,-0.011206532,0.045647375,0.07094816,-0.005787617,0.023519583,0.08130258,0.0027360567,0.009866094,0.089470096,0.013889762,0.031072963,0.01849807,0.017656805,0.012360934,0.041179463,0.027390936,0.01652805,0.06346447,0.02994867,0.023745995,0.07058645,0.031723365,0.037615754,0.014950474,0.02949729,0.01889412,0.03751911,0.04197841,0.025455514,0.057446994,0.0416117,0.030249605,0.059792515,0.040505137,0.043404985,0.016566306,0.039480243,0.025474925,0.03532844,0.048557904,0.030654432,0.05399095,0.046027306,0.036600024,0.054293204,0.0434064,0.046368748,0.01806179,0.048591588,0.032461066,0.036799423,0.05615157,0.03643038,0.04924231,0.056981537,0.04042994,0.04791225,0.057384506
0.1149253,0.030383276,-1.0835613e-07,0.09369361,0.059566204,-0.011900358,0.06627497,0.07313431,-0.0076053315,0.044927225,0.08503353,-0.00022242937,0.031501606,0.09443443,0.009617661,0.055085976,0.02227474,0.014881389,0.03900981,0.045311168,0.023218958,0.044061814,0.067722425,0.024927655,0.051789198,0.07533717,0.026079625,0.061760705,0.017599506,0.026312329,0.04527321,0.039517984,0.03724107,0.051018555,0.058749508,0.03647388,0.05491734,0.061016604,0.035169654,0.06719641,0.01776091,0.035905126,0.05117153,0.035776157,0.0437034,0.05558172,0.053958837,0.04120338,0.060492273,0.05439044,0.03871066,0.06962057,0.017921502,0.04457572,0.057024274,0.03577831,0.051108506,0.060352474,0.04804341,0.051873688,0.06348048,0.046959918,0.052298117
0.13314326,0.030423349,-8.7565034e-08,0.112813,0.060317155,-0.012594183,0.08690256,0.07532047,-0.009423045,0.066334866,0.08876447,-0.0031809153,0.053137116,0.09939878,0.005345561,0.07909899,0.02605141,0.012105975,0.06565868,0.049442872,0.01904698,0.07159557,0.07198039,0.019906642,0.079832405,0.0800879,0.020435886,0.085905656,0.020248538,0.02312737,0.07165231,0.041516863,0.032503735,0.0765816,0.06005202,0.03133606,0.079585075,0.06224069,0.029834172,0.090987824,0.018955512,0.032330014,0.07686813,0.036223877,0.03884889,0.08050901,0.05392673,0.036379453,0.08438452,0.054487675,0.034014925,0.0928724,0.017781215,0.04055985,0.08158748,0.0347572,0.046065446,0.08427456,0.04684451,0.04676584,0.08653102,0.04600759,0.04721173
0.15136123,0.030463422,-6.677394e-08,0.1319324,0.06106811,-0.013288008,0.10753015,0.077506624,-0.01124076,0.08774251,0.092495404,-0.0061394013,0.074772626,0.10436311,0.0010734613,0.103112005,0.029828079,0.00933056,0.09230755,0.053574577,0.014875002,0.099129334,0.07623834,0.014885629,0.10787561,0.08483863,0.014792149,0.110050604,0.02289757,0.019942408,0.098031394,0.04351574,0.027766393,0.102144636,0.06135453,0.026198242,0.10425281,0.063464776,0.02449869,0.11477924,0.020150116,0.0287549,0.10256474,0.036671594,0.033994384,0.10543629,0.05389462,0.03155553,0.10827677,0.054584913,0.029319186,0.11612423,0.017640928,0.03654398,0.10615069,0.03373609,0.041022383,0.10819665,0.045645606,0.04165799,0.10958156,0.045055255,0.042125337
0.1695792,0.030503495,-4.598285e-08,0.15105179,0.06181906,-0.013981833,0.12815773,0.07969277,-0.013058474,0.10915015,0.09622634,-0.009097887,0.096408136,0.10932746,-0.0031986388,0.12712501,0.03360475,0.0065551456,0.118956424,0.05770628,0.010703024,0.1266631,0.080496304,0.009864614,0.13591881,0.08958935,0.0091484105,0.13419555,0.025546601,0.016757447,0.12441049,0.045514617,0.023029055,0.12770768,0.06265704,0.021060422,0.12892054,0.06468886,0.019163206,0.13857067,0.02134472,0.025179787,0.12826134,0.03711931,0.029139878,0.13036357,0.05386251,0.026731601,0.13216902,0.05468215,0.024623448,0.13937606,0.01750064,0.032528114,0.1307139,0.03271498,0.035979323,0.13211875,0.044446707,0.036550142,0.13263209,0.044102926,0.03703895
0.18779716,0.03054357,-2.519176e-08,0.17017119,0.06257001,-0.014675659,0.14878534,0.08187893,-0.014876189,0.13055779,0.09995729,-0.012056373,0.118043646,0.114291795,-0.0074707386,0.15113802,0.037381418,0.003779731,0.1456053,0.061837986,0.006531047,0.15419686,0.08475426,0.004843601,0.163962,0.09434008,0.0035046726,0.15834051,0.028195634,0.013572487,0.15078959,0.047513496,0.018291716,0.15327072,0.063959554,0.015922602,0.15358828,0.065912955,0.013827723,0.16236208,0.022539323,0.021604672,0.15395795,0.037567027,0.024285372,0.15529086,0.0538304,0.021907676,0.15606128,0.054779388,0.01992771,0.16262789,0.017360352,0.028512243,0.1552771,0.03169387,0.030936262,0.15604083,0.043247804,0.031442292,0.15568264,0.043150596,0.03195256
0.20601512,0.030583642,-4.400667e-09,0.18929057,0.063320965,-0.015369484,0.16941293,0.08406509,-0.016693903,0.15196542,0.103688225,-0.015014859,0.13967916,0.11925614,-0.011742839,0.17515104,0.041158088,0.0010043164,0.17225417,0.06596969,0.0023590692,0.18173063,0.08901222,-0.0001774129,0.19200522,0.09909081,-0.0021390656,0.18248546,0.030844666,0.010387526,0.17716868,0.049512375,0.013554377,0.17883375,0.065262064,0.0107847825,0.178256,0.06713704,0.008492241,0.1861535,0.023733927,0.018029558,0.17965455,0.038014747,0.019430866,0.18021815,0.05379829,0.01708375,0.17995352,0.05487662,0.0152319735,0.1858797,0.017220065,0.024496375,0.1798403,0.030672759,0.0258932,0.17996292,0.0420489,0.026334442,0.17873317,0.042198263,0.026866172
0.22423309,0.030623715,1.6390427e-08,0.20840997,0.064071916,-0.01606331,0.19004051,0.086251244,-0.018511618,0.17337307,0.10741916,-0.017973345,0.16131467,0.124220476,-0.01601494,0.19916405,0.044934757,-0.0017710982,0.19890305,0.070101395,-0.0018129084,0.20926438,0.093270175,-0.0051984265,0.22004841,0.103841536,-0.007782804,0.20663041,0.033493698,0.007202565,0.20354778,0.051511254,0.008817038,0.2043968,0.066564575,0.0056469627,0.20292374,0.068361126,0.003156758,0.20994492,0.02492853,0.014454444,0.20535116,0.038462464,0.01457636,0.20514543,0.053766184,0.012259822,0.20384577,0.05497386,0.010536236,0.20913154,0.017079778,0.020480506,0.2044035,0.02965165,0.020850139,0.20388502,0.040850002,0.021226594,0.20178372,0.041245934,0.021779783
0.24245106,0.030663788,3.718152e-08,0.22752936,0.06482287,-0.016757134,0.2106681,0.08843739,-0.020329332,0.1947807,0.1111501,-0.02093183,0.18295018,0.12918481,-0.020287039,0.22317708,0.048711427,-0.004546513,0.22555192,0.0742331,-0.005984886,0.23679815,0.09752814,-0.010219441,0.24809162,0.10859226,-0.013426542,0.23077536,0.03614273,0.0040176045,0.22992687,0.05351013,0.004079698,0.22995983,0.06786709,0.0005091429,0.22759147,0.06958521,-0.002178725,0.23373634,0.026123133,0.010879329,0.23104776,0.03891018,0.009721854,0.23007272,0.05373407,0.007435896,0.22773802,0.055071097,0.005840498,0.23238337,0.016939491,0.016464636,0.22896671,0.028630538,0.015807077,0.2278071,0.0396511,0.016118744,0.22483425,0.0402936,0.016693395
0.26066902,0.030703863,5.797261e-08,0.24664876,0.06557382,-0.01745096,0.23129569,0.09062355,-0.022147046,0.21618834,0.114881046,-0.023890316,0.20458569,0.13414916,-0.024559138,0.24719009,0.052488096,-0.0073219277,0.25220078,0.078364804,-0.010156864,0.2643319,0.10178609,-0.015240454,0.27613482,0.113342986,-0.01907028,0.2549203,0.03879176,0.0008326437,0.25630596,0.05550901,-0.0006576414,0.25552288,0.0691696,-0.004628677,0.25225922,0.0708093,-0.007514208,0.25752777,0.027317736,0.007304216,0.25674435,0.039357897,0.004867347,0.255,0.053701963,0.0026119698,0.25163028,0.055168334,0.0011447602,0.2556352,0.016799202,0.012448767,0.2535299,0.027609428,0.010764017,0.2517292,0.038452197,0.0110108955,0.2478848,0.03934127,0.011607005
0.27888697,0.030743936,7.8763705e-08,0.26576814,0.06632477,-0.018144784,0.2519233,0.09280971,-0.02396476,0.23759599,0.118611984,-0.026848802,0.2262212,0.1391135,-0.028831238,0.2712031,0.056264766,-0.010097343,0.27884966,0.08249651,-0.014328842,0.29186568,0.106044054,-0.020261468,0.30417803,0.118093714,-0.02471402,0.27906525,0.041440792,-0.002352317,0.28268504,0.057507887,-0.005394981,0.2810859,0.070472114,-0.009766497,0.27692693,0.07203339,-0.01284969,0.28131917,0.02851234,0.003729102,0.28244096,0.039805613,1.2840428e-05,0.27992728,0.053669855,-0.0022119565,0.27552253,0.055265572,-0.0035509774,0.27888703,0.016658915,0.008432898,0.27809313,0.026588317,0.0057209553,0.27565128,0.037253298,0.005903046,0.27093533,0.03838894,0.0065206164
0.29710495,0.030784009,9.9554796e-08,0.28488755,0.06707572,-0.01883861,0.27255088,0.09499586,-0.025782475,0.25900364,0.12234292,-0.029807288,0.2478567,0.14407784,-0.03310334,0.2952161,0.060041435,-0.012872756,0.30549854,0.08662821,-0.01850082,0.31939945,0.11030201,-0.025282482,0.33222124,0.122844435,-0.030357756,0.30321023,0.044089828,-0.005537278,0.30906415,0.059506763,-0.01013232,0.30664897,0.071774624,-0.0149043165,0.30159467,0.073257476,-0.018185174,0.3051106,0.029706944,0.00015398794,0.30813757,0.040253334,-0.004841666,0.30485457,0.053637743,-0.0070358827,0.29941475,0.055362806,-0.008246715,0.30213884,0.016518628,0.0044170287,0.30265632,0.025567207,0.000677894,0.29957336,0.036054395,0.0007951971,0.29398587,0.03743661,0.0014342272
0.3153229,0.030824082,1.2034589e-07,0.30400693,0.06782667,-0.019532437,0.29317847,0.09718201,-0.02760019,0.28041127,0.12607387,-0.032765776,0.2694922,0.14904217,-0.03737544,0.31922913,0.063818105,-0.015648171,0.33214742,0.09075992,-0.022672797,0.3469332,0.11455997,-0.030303495,0.36026442,0.12759517,-0.036001496,0.32735518,0.04673886,-0.008722238,0.33544323,0.06150564,-0.014869659,0.332212,0.073077135,-0.020042136,0.3262624,0.07448156,-0.023520656,0.328902,0.030901548,-0.003421126,0.33383417,0.04070105,-0.009696173,0.32978186,0.053605635,-0.011859809,0.323307,0.055460043,-0.012942453,0.32539067,0.016378341,0.00040115984,0.32721955,0.024546096,-0.004365167,0.32349548,0.034855496,-0.004312652,0.31703642,0.03648428,-0.0036521617
0.3335409,0.030864157,1.4113698e-07,0.32312632,0.068577625,-0.02022626,0.31380606,0.09936817,-0.029417902,0.3018189,0.1298048,-0.03572426,0.29112774,0.15400653,-0.04164754,0.34324214,0.067594774,-0.018423585,0.3587963,0.09489162,-0.026844775,0.37446696,0.118817925,-0.03532451,0.38830763,0.13234589,-0.041645233,0.35150012,0.04938789,-0.011907199,0.36182234,0.06350452,-0.019606998,0.35777503,0.074379645,-0.025179956,0.35093015,0.07570565,-0.02885614,0.35269344,0.03209615,-0.00699624,0.35953078,0.041148767,-0.014550679,0.35470915,0.053573526,-0.016683735,0.34719926,0.05555728,-0.01763819,0.3486425,0.016238052,-0.0036147092,0.35178274,0.023524987,-0.009408228,0.34741756,0.033656593,-0.009420501,0.34008694,0.03553195,-0.00873855
0.35175884,0.03090423,1.6192807e-07,0.34224573,0.06932858,-0.020920087,0.33443365,0.10155432,-0.031235617,0.32322654,0.13353574,-0.038682748,0.31276324,0.15897086,-0.045919638,0.36725515,0.07137144,-0.021199001,0.38544518,0.09902333,-0.031016752,0.40200073,0.12307589,-0.040345524,0.41635084,0.13709661,-0.047288973,0.37564507,0.052036922,-0.01509216,0.38820142,0.065503396,-0.024344338,0.3833381,0.07568216,-0.030317776,0.3755979,0.07692973,-0.034191623,0.37648487,0.033290755,-0.010571354,0.38522738,0.041596483,-0.019405186,0.37963644,0.053541414,-0.021507662,0.3710915,0.05565452,-0.022333927,0.37189433,0.016097765,-0.0076305782,0.37634596,0.022503875,-0.01445129,0.37133965,0.03245769,-0.014528351,0.36313748,0.034579616,-0.01382494
0.36997682,0.030944303,1.8271916e-07,0.3613651,0.070079535,-0.021613913,0.35506123,0.103740476,-0.03305333,0.34463418,0.13726668,-0.04164123,0.33439875,0.1639352,-0.050191738,0.39126816,0.07514811,-0.023974415,0.41209403,0.10315503,-0.03518873,0.4295345,0.12733385,-0.045366537,0.44439405,0.14184734,-0.05293271,0.39979002,0.054685954,-0.018277122,0.41458052,0.067502275,-0.029081676,0.40890113,0.076984674,-0.035455596,0.4002656,0.07815383,-0.039527107,0.40027627,0.03448536,-0.014146468,0.410924,0.0420442,-0.024259692,0.40456372,0.053509306,-0.026331589,0.39498377,0.055751756,-0.027029665,0.39514616,0.015957478,-0.011646448,0.40090916,0.021482766,-0.019494351,0.39526173,0.03125879,-0.019636199,0.38618803,0.033627287,-0.018911328
0.38819477,0.030984376,2.0351025e-07,0.38048452,0.07083049,-0.022307737,0.37568882,0.10592663,-0.034871046,0.36604184,0.14099762,-0.04459972,0.35603425,0.16889954,-0.054463837,0.41528118,0.07892478,-0.02674983,0.4387429,0.10728674,-0.03936071,0.45706823,0.1315918,-0.05038755,0.47243723,0.14659807,-0.058576446,0.42393497,0.057334986,-0.021462081,0.4409596,0.069501154,-0.033819016,0.43446416,0.078287184,-0.040593415,0.42493334,0.07937791,-0.044862587,0.4240677,0.035679962,-0.017721582,0.4366206,0.04249192,-0.029114198,0.429491,0.053477198,-0.031155515,0.41887602,0.05584899,-0.031725403,0.418398,0.015817191,-0.015662316,0.42547235,0.020461654,-0.024537412,0.41918382,0.030059889,-0.024744049,0.40923858,0.032674953,-0.023997717
0.40641275,0.03102445,2.2430136e-07,0.3996039,0.07158144,-0.023001563,0.3963164,0.10811279,-0.03668876,0.38744947,0.14472856,-0.047558203,0.37766978,0.17386389,-0.058735937,0.4392942,0.08270145,-0.029525245,0.46539178,0.11141844,-0.043532684,0.484602,0.13584976,-0.055408563,0.5004805,0.1513488,-0.06422018,0.4480799,0.059984017,-0.024647042,0.4673387,0.07150003,-0.038556356,0.4600272,0.079589695,-0.045731235,0.44960108,0.080602,-0.05019807,0.4478591,0.036874563,-0.021296697,0.4623172,0.042939637,-0.033968706,0.45441827,0.05344509,-0.035979442,0.44276828,0.055946227,-0.036421143,0.44164982,0.015676903,-0.019678185,0.45003557,0.019440545,-0.029580474,0.4431059,0.028860988,-0.029851899,0.4322891,0.031722624,-0.029084107
0.4246307,0.031064523,2.4509245e-07,0.4187233,0.07233239,-0.023695387,0.41694403,0.11029894,-0.038506474,0.4088571,0.1484595,-0.05051669,0.39930528,0.17882822,-0.06300804,0.4633072,0.08647812,-0.03230066,0.49204066,0.115550146,-0.047704663,0.51213574,0.14010772,-0.060429577,0.5285236,0.15609953,-0.06986392,0.47222486,0.06263305,-0.027832003,0.4937178,0.07349891,-0.043293696,0.48559025,0.080892205,-0.050869055,0.47426882,0.08182608,-0.055533554,0.47165054,0.038069166,-0.02487181,0.4880138,0.043387353,-0.03882321,0.47934556,0.053412978,-0.04080337,0.46666053,0.056043465,-0.04111688,0.46490166,0.015536616,-0.023694055,0.47459877,0.018419433,-0.034623533,0.467028,0.027662085,-0.03495975,0.45533964,0.030770293,-0.034170493
0.44284868,0.031104596,2.6588353e-07,0.4378427,0.07308334,-0.024389213,0.43757161,0.112485096,-0.04032419,0.43026474,0.15219045,-0.053475175,0.4209408,0.18379256,-0.067280136,0.4873202,0.09025479,-0.035076074,0.5186895,0.11968185,-0.05187664,0.5396695,0.14436568,-0.065450594,0.55656683,0.16085024,-0.07550766,0.49636984,0.065282084,-0.031016964,0.5200969,0.07549778,-0.048031036,0.5111533,0.082194716,-0.056006875,0.49893656,0.08305017,-0.060869038,0.49544194,0.03926377,-0.028446924,0.51371044,0.04383507,-0.043677717,0.5042729,0.05338087,-0.045627292,0.49055275,0.056140702,-0.045812618,0.48815346,0.015396329,-0.027709924,0.499162,0.017398324,-0.039666597,0.4909501,0.026463185,-0.0400676,0.4783902,0.029817961,-0.039256886
0.46106663,0.03114467,2.8667463e-07,0.45696208,0.07383429,-0.025083039,0.4581992,0.11467125,-0.042141903,0.4516724,0.15592138,-0.056433663,0.4425763,0.1887569,-0.07155224,0.5113332,0.09403146,-0.03785149,0.5453384,0.123813555,-0.05604862,0.5672033,0.14862363,-0.07047161,0.58461004,0.16560097,-0.0811514,0.5205148,0.067931116,-0.034201924,0.546476,0.07749666,-0.052768372,0.53671634,0.08349723,-0.061144695,0.5236043,0.08427426,-0.06620452,0.51923335,0.040458374,-0.032022037,0.539407,0.04428279,-0.048532225,0.52920014,0.05334876,-0.05045122,0.514445,0.056237936,-0.050508354,0.5114053,0.015256041,-0.031725794,0.5237252,0.016377212,-0.044709656,0.5148722,0.025264284,-0.045175444,0.5014407,0.028865632,-0.044343274
0.4792846,0.031184744,3.074657e-07,0.4760815,0.074585244,-0.025776863,0.4788268,0.1168574,-0.043959618,0.47308004,0.15965232,-0.059392147,0.46421182,0.19372125,-0.075824335,0.5353462,0.09780813,-0.040626902,0.5719873,0.12794526,-0.060220595,0.59473705,0.15288159,-0.07549262,0.61265326,0.1703517,-0.08679514,0.54465973,0.07058015,-0.037386887,0.57285506,0.07949554,-0.057505712,0.56227934,0.084799744,-0.06628251,0.548272,0.08549835,-0.071540006,0.5430248,0.041652977,-0.035597153,0.56510365,0.044730507,-0.05338673,0.55412745,0.05331665,-0.055275146,0.5383373,0.056335174,-0.055204093,0.5346571,0.015115754,-0.03574166,0.5482884,0.015356102,-0.04975272,0.5387943,0.02406538,-0.050283294,0.52449125,0.0279133,-0.049429663
0.49750257,0.031224817,3.2825682e-07,0.49520087,0.075336196,-0.02647069,0.49945438,0.11904356,-0.045777332,0.49448767,0.16338326,-0.062350634,0.48584732,0.19868559,-0.08009644,0.55935925,0.1015848,-0.043402318,0.59863615,0.13207696,-0.064392574,0.6222708,0.15713955,-0.080513634,0.64069647,0.17510243,-0.09243888,0.5688047,0.07322918,-0.040571846,0.59923416,0.08149442,-0.06224305,0.5878424,0.086102255,-0.071420334,0.57293975,0.08672243,-0.076875485,0.5668162,0.04284758,-0.039172266,0.5908002,0.045178223,-0.058241237,0.5790547,0.05328454,-0.060099073,0.5622295,0.05643241,-0.05989983,0.55790895,0.014975466,-0.03975753,0.5728516,0.014334992,-0.05479578,0.56271636,0.02286648,-0.055391144,0.5475418,0.026960969,-0.05451605
0.49561512,0.06406381,3.4159734e-07,0.4998008,0.12475322,-0.024439406,0.50755614,0.17193049,-0.050618075,0.5032409,0.21338677,-0.07587189,0.5034564,0.2547755,-0.10395682,0.56819594,0.13881937,-0.06420106,0.5933499,0.1657696,-0.10055286,0.5872237,0.1870048,-0.12484129,0.580036,0.19814458,-0.1417752,0.56648445,0.103388175,-0.07281543,0.5946771,0.12992173,-0.11434527,0.57545805,0.15733244,-0.13995664,0.55917937,0.17083827,-0.15712555,0.5533609,0.06845559,-0.08207072,0.5695288,0.08679336,-0.12094032,0.55035627,0.11082687,-0.14156896,0.53594077,0.12131554,-0.154349,0.5320643,0.037017018,-0.0918373,0.5305523,0.042146247,-0.12480834,0.5171416,0.05851748,-0.14121082,0.5071177,0.06670976,-0.15272774
0.49363464,0.09320698,1.699292e-07,0.50596523,0.14111893,-0.0028889074,0.5225477,0.17497718,-0.009069213,0.5348688,0.20086598,-0.018122826,0.5459912,0.21906814,-0.027417965,0.5629506,0.17180733,-0.005814581,0.5838673,0.21603817,-0.023965815,0.5727679,0.24280414,-0.03774617,0.5590643,0.2519733,-0.04540369,0.56672764,0.158883,-0.01391263,0.58959866,0.21152589,-0.03002867,0.57454985,0.23889272,-0.04108897,0.55958974,0.24588847,-0.0471878,0.5635247,0.14012276,-0.023411946,0.58247364,0.18587041,-0.041003525,0.5628974,0.20848563,-0.04744721,0.5463684,0.2131557,-0.049406238,0.5535946,0.11615848,-0.03278285,0.5547221,0.14496416,-0.047742285,0.5408038,0.16116202,-0.050960816,0.52723444,0.16450742,-0.051128972
0.49851432,0.13233289,2.9021626e-07,0.5113299,0.19894275,0.0072236205,0.5275753,0.24064702,0.0043553226,0.54130614,0.26911402,-0.0036853077,0.55350137,0.29449666,-0.013414854,0.5654926,0.23766719,0.0013180875,0.5865241,0.28165334,-0.015311734,0.5871678,0.3126527,-0.02861927,0.5838424,0.33081526,-0.036718655,0.57040757,0.2184276,-0.012556297,0.59000283,0.2724305,-0.029402755,0.5815687,0.3010403,-0.041758183,0.57192653,0.31324077,-0.048896592,0.5677403,0.19387434,-0.026765987,0.58101577,0.24847353,-0.044652805,0.5639961,0.27227864,-0.050669268,0.54771185,0.279936,-0.0523467,0.5578879,0.16511855,-0.040191732,0.55877316,0.20455521,-0.054502252,0.54604644,0.22436573,-0.056558833,0.5332699,0.23210815,-0.056088712
0.5029765,0.17717774,3.189115e-07,0.5091071,0.25227353,0.003277791,0.51844966,0.30860966,-0.0050302665,0.51501703,0.3522799,-0.018378332,0.5123401,0.39384627,-0.033729333,0.5739529,0.29054883,-0.008026497,0.5945599,0.333567,-0.027731543,0.5902057,0.36256987,-0.04335945,0.58404523,0.37729397,-0.053426284,0.5791829,0.26701966,-0.02238783,0.5986634,0.3222947,-0.041590802,0.5826061,0.3483572,-0.05578523,0.5687866,0.3550769,-0.064960584,0.5760706,0.23911135,-0.037142467,0.5876886,0.29466182,-0.056204893,0.5640092,0.31711596,-0.06321215,0.5456733,0.32024702,-0.066219896,0.56425595,0.20839879,-0.05144433,0.5680694,0.24954587,-0.06596081,0.55187786,0.27117115,-0.068405285,0.53684944,0.27782586,-0.06907963
0.513461,0.21604176,3.7131653e-07,0.5110234,0.29155052,-0.0011322193,0.5194471,0.35745677,-0.014084718,0.5146554,0.4078858,-0.031242132,0.5051802,0.45293117,-0.050960284,0.5785136,0.33985475,-0.021579653,0.6122608,0.3777673,-0.045575254,0.61699414,0.41017863,-0.06355423,0.6184012,0.4268005,-0.07570132,0.5833876,0.30859417,-0.037647292,0.6106746,0.3688291,-0.06731394,0.5847938,0.3930096,-0.08384986,0.5669536,0.39084277,-0.092259094,0.5790676,0.27438325,-0.053711027,0.5942675,0.33720115,-0.08183929,0.56216615,0.3565148,-0.08708459,0.54365236,0.35200578,-0.086552575,0.567185,0.23966959,-0.069400534,0.57179165,0.28910586,-0.090067595,0.55282897,0.3119154,-0.091509506,0.5409463,0.31431836,-0.090350576
0.51516235,0.24460323,1.7090267e-07,0.51177454,0.31320742,-0.0029146157,0.5210253,0.37748706,-0.015000799,0.5173479,0.42416543,-0.02938973,0.5050075,0.46416768,-0.043893967,0.57831234,0.36065185,-0.02887715,0.62080777,0.39642668,-0.049391583,0.60515064,0.4196273,-0.058429576,0.5871554,0.41809922,-0.06253619,0.5827111,0.32986012,-0.04106933,0.61070985,0.38487774,-0.065453224,0.5807862,0.40213344,-0.073034786,0.56145734,0.39209732,-0.07570231,0.5793293,0.29639158,-0.053355347,0.5941941,0.35325092,-0.07658839,0.5652255,0.37125862,-0.077611595,0.5495435,0.36702603,-0.07543431,0.5691447,0.26172125,-0.06531123,0.57295376,0.30691344,-0.0830375,0.55450076,0.32823014,-0.083309636,0.5445734,0.33057797,-0.0818924
0.5177083,0.24548331,2.0617651e-07,0.5145338,0.31783834,-0.0006099633,0.52143407,0.3792449,-0.013520937,0.5164311,0.4235062,-0.029717326,0.50552046,0.46577385,-0.046924822,0.57805943,0.36588067,-0.028362447,0.6168333,0.40176705,-0.05164156,0.6042849,0.42708334,-0.063754804,0.5884766,0.43085653,-0.07023779,0.58218354,0.33567902,-0.043520566,0.6159561,0.39186049,-0.070009336,0.59096706,0.41748917,-0.08172723,0.57197094,0.41560218,-0.08762195,0.57914364,0.30190852,-0.05851476,0.59409285,0.3603493,-0.0845258,0.5650038,0.38279146,-0.08911889,0.54857236,0.3816983,-0.08913509,0.56923956,0.26703468,-0.0728064,0.57202965,0.3126294,-0.09251409,0.55466497,0.33519286,-0.094568506,0.54504913,0.33874717,-0.09441619
0.51487416,0.2574498,1.8545776e-07,0.5130943,0.3284448,-0.00075248594,0.5204667,0.39029106,-0.01324768,0.51649046,0.43476418,-0.028511016,0.50509024,0.47517198,-0.0451845,0.5781148,0.37207273,-0.02962318,0.6138537,0.40628842,-0.051236637,0.60429454,0.4280447,-0.06349214,0.5928622,0.43278572,-0.07087008,0.5819556,0.3407804,-0.04401692,0.6117842,0.39523575,-0.06788558,0.58963954,0.41895682,-0.0786044,0.57297546,0.41910014,-0.08492629,0.57820576,0.30634284,-0.05799787,0.5935266,0.36394966,-0.08120306,0.56614476,0.386592,-0.085403875,0.5496196,0.38766423,-0.086359665,0.5670386,0.2713048,-0.071346335,0.5732424,0.3147168,-0.08905616,0.556683,0.33622697,-0.09083262,0.5456026,0.3408409,-0.09124024
0.5170041,0.25098398,1.8445002e-07,0.5133674,0.32123068,-0.0008610521,0.52136564,0.38410315,-0.012426207,0.5166422,0.43075922,-0.027084311,0.5047657,0.4724706,-0.043109346,0.57641983,0.37045267,-0.024944106,0.6130093,0.4075741,-0.046309277,0.6020844,0.4311524,-0.058384504,0.5873718,0.43585673,-0.06518923,0.5806395,0.3407226,-0.038777336,0.6109136,0.3983132,-0.06275389,0.58793056,0.42134535,-0.0737085,0.5705419,0.41969246,-0.07945589,0.5774783,0.30727333,-0.052638374,0.59343195,0.36787024,-0.07670111,0.5644144,0.38920164,-0.08088334,0.54632,0.38901603,-0.08083782,0.5672887,0.27237377,-0.06588776,0.57336414,0.31837487,-0.0849386,0.55526817,0.34030095,-0.08689973,0.5430834,0.34527904,-0.08658781
0.5142687,0.25528708,2.0767834e-07,0.5132856,0.32838255,0.00017123374,0.5204688,0.38914496,-0.011615128,0.5162655,0.43452334,-0.026636671,0.50611925,0.47611442,-0.04336553,0.5771441,0.370407,-0.025959915,0.6117,0.40379354,-0.047306146,0.60439146,0.42747736,-0.060190897,0.5936879,0.4364852,-0.06807654,0.58049476,0.3407943,-0.040747713,0.6087825,0.394949,-0.06418737,0.5896608,0.42137587,-0.075490564,0.57335573,0.42561826,-0.08221846,0.57606053,0.30726635,-0.05537298,0.59062,0.36470118,-0.07867309,0.5645624,0.3889378,-0.08361519,0.54641,0.39267534,-0.08484103,0.56433856,0.27232024,-0.06936728,0.5722444,0.31493977,-0.087498404,0.5566022,0.33838585,-0.089961335,0.543853,0.34632176,-0.09058148
0.5141391,0.25330234,1.8606686e-07,0.51096874,0.32531485,-0.0012028865,0.5186696,0.38847446,-0.013239697,0.5137402,0.43610534,-0.028206302,0.50237846,0.47812873,-0.044808716,0.575167,0.3681444,-0.025725584,0.6092691,0.40494043,-0.047189392,0.6005097,0.42855397,-0.060449567,0.58768004,0.43426594,-0.068398036,0.57897824,0.33760706,-0.03896686,0.6032277,0.3931132,-0.06335082,0.57959867,0.41655126,-0.075111404,0.5605051,0.41581357,-0.08170137,0.5751096,0.3048703,-0.05225103,0.59083,0.36413056,-0.07572864,0.56520194,0.38949367,-0.08135281,0.54721695,0.3929963,-0.08294149,0.5640491,0.271857,-0.06493058,0.57050824,0.31816927,-0.082936876,0.554224,0.34171593,-0.08572886,0.5416209,0.3490248,-0.0865804
0.5140336,0.2586697,1.8687297e-07,0.5100171,0.32972136,-0.00040931362,0.5173852,0.39121056,-0.012729968,0.5131001,0.43746337,-0.028100789,0.5009436,0.47844777,-0.045033436,0.5742811,0.37507933,-0.027038122,0.6104614,0.41141853,-0.049818557,0.6003469,0.43389088,-0.06343169,0.58620614,0.437091,-0.0712277,0.57884365,0.34338546,-0.0408723,0.6041364,0.39756623,-0.06579888,0.5793461,0.41942546,-0.07625422,0.5597837,0.4167201,-0.081776775,0.5750788,0.30962268,-0.0548242,0.5897977,0.36754715,-0.07907364,0.5639398,0.39090616,-0.083529785,0.5470498,0.39267078,-0.084162146,0.5641008,0.27616355,-0.068058215,0.56887954,0.32255393,-0.086256124,0.5513254,0.34525904,-0.08805416,0.5389745,0.3511494,-0.08815197
0.5095837,0.25968295,1.6831673e-07,0.50737554,0.33012134,-0.00045195897,0.51477563,0.39320558,-0.011648271,0.50972635,0.43799114,-0.025961619,0.498059,0.47710562,-0.04145513,0.5707816,0.37559158,-0.021822054,0.60935247,0.4097403,-0.042108256,0.600162,0.43369913,-0.05455606,0.5843796,0.4410819,-0.06187415,0.57538325,0.3452938,-0.034854617,0.5978154,0.39649126,-0.058062386,0.57268536,0.4169023,-0.067984805,0.5535576,0.4145767,-0.0731962,0.5721989,0.31224617,-0.04819041,0.5855154,0.36903337,-0.06957588,0.5599585,0.39102453,-0.072337255,0.5433427,0.39270884,-0.0722258,0.56188375,0.2785199,-0.061227005,0.5661408,0.32197517,-0.07723795,0.54986936,0.34344885,-0.078194365,0.5391499,0.349604,-0.07774078
0.51012564,0.25536975,1.8035733e-07,0.50594294,0.32803524,0.00013127578,0.5136286,0.3937949,-0.010764655,0.5087929,0.44121164,-0.02500981,0.49605545,0.48121738,-0.040582288,0.56964135,0.3762567,-0.023335775,0.60796213,0.41422158,-0.04503331,0.59802204,0.438223,-0.05810308,0.5815526,0.44402656,-0.065634735,0.57439023,0.34517884,-0.03730502,0.59910375,0.40210065,-0.062340003,0.57573867,0.42324066,-0.07348255,0.5571364,0.4210889,-0.079201005,0.57148874,0.31222674,-0.05145588,0.5849999,0.37420815,-0.07494281,0.5589972,0.3958494,-0.07898704,0.54209673,0.39702132,-0.07924139,0.5612791,0.2793128,-0.06512703,0.56304204,0.32782558,-0.08308921,0.54682535,0.3485576,-0.085204296,0.53712046,0.3536615,-0.085326985
0.50728536,0.26058716,1.7416879e-07,0.5037448,0.33332896,0.00083852216,0.5117441,0.3972339,-0.009008264,0.50784063,0.44299507,-0.022090143,0.49616402,0.48278156,-0.036425374,0.567085,0.38122907,-0.020724464,0.6079167,0.41647804,-0.0405414,0.59836185,0.4405983,-0.05264772,0.58116,0.44646525,-0.059482284,0.5717121,0.3503826,-0.034167387,0.5994566,0.4037621,-0.05626588,0.57775533,0.42743173,-0.06660208,0.5580753,0.4275191,-0.07223405,0.56900096,0.31730303,-0.047807805,0.5834221,0.37418386,-0.06887666,0.55986804,0.39902976,-0.07379899,0.54270774,0.40320137,-0.07531601,0.55906045,0.2839708,-0.060895287,0.562473,0.3281559,-0.07686648,0.5458535,0.34855354,-0.07877745,0.53405833,0.35310966,-0.07920687
0.5057692,0.26401404,2.236322e-07,0.5024933,0.33486238,-0.00032771827,0.5099551,0.39958626,-0.010290068,0.5057701,0.44599184,-0.023554163,0.49297175,0.48555946,-0.03806428,0.56405276,0.38973954,-0.020165246,0.59994227,0.42405683,-0.04101585,0.5967745,0.44849584,-0.053875238,0.5891175,0.45662576,-0.061318368,0.5705812,0.35888213,-0.03411296,0.6041232,0.41178435,-0.05751433,0.5867611,0.43760252,-0.06919546,0.5711715,0.44019404,-0.07495448,0.56978583,0.32354015,-0.0482352,0.5813679,0.38072208,-0.072639905,0.55372703,0.4014367,-0.07801941,0.53689986,0.40150845,-0.07811279,0.5607151,0.28752056,-0.061737392,0.5594005,0.3335544,-0.08000564,0.5409553,0.3519999,-0.081839554,0.5306243,0.35322016,-0.08119984
0.5050414,0.262595,1.858723e-07,0.50117904,0.3370484,-0.0005784906,0.50913876,0.40194634,-0.011251339,0.50547594,0.4493437,-0.024858132,0.4927181,0.48897487,-0.04021082,0.5631828,0.38513657,-0.024252055,0.595052,0.41854832,-0.04491187,0.5914604,0.44237435,-0.057621807,0.5855215,0.44902351,-0.06540513,0.5685301,0.35380015,-0.03848303,0.5969474,0.40795943,-0.061726976,0.57937545,0.43295354,-0.073391326,0.5651118,0.43464807,-0.080098405,0.5661506,0.31939602,-0.05267864,0.57983506,0.37710437,-0.076391436,0.55505896,0.40128312,-0.08275746,0.53917664,0.4043116,-0.08467815,0.55560654,0.2842895,-0.06618891,0.5604334,0.33087698,-0.08435594,0.5434699,0.35222787,-0.08721173,0.5314325,0.35709277,-0.08814684
0.5032779,0.2650641,2.0754352e-07,0.50053936,0.33550766,-0.00047375026,0.51017356,0.40005285,-0.01102581,0.50633186,0.44812018,-0.024484348,0.49368414,0.48798722,-0.0391933,0.56515235,0.37776813,-0.022341032,0.60393655,0.41072768,-0.0424481,0.595435,0.43789726,-0.055393185,0.58040255,0.44672,-0.063084625,0.56963366,0.3469101,-0.035126653,0.5916598,0.39981404,-0.058047447,0.5676168,0.42178574,-0.06810363,0.54785323,0.41889986,-0.07359972,0.56615543,0.31484884,-0.048281208,0.57931453,0.37304306,-0.06955928,0.55655164,0.39763528,-0.07409086,0.5407302,0.40029514,-0.075520314,0.5555631,0.28275254,-0.06102226,0.5582979,0.33043498,-0.07674254,0.5424935,0.35386866,-0.07889893,0.5315762,0.36078322,-0.079813965
0.5017763,0.2689613,2.1004588e-07,0.49850732,0.33867964,-0.0013108165,0.5074024,0.40231273,-0.012328605,0.5035093,0.44872388,-0.026297709,0.48994333,0.48703116,-0.04168414,0.5629918,0.38658524,-0.024391957,0.6017886,0.42065272,-0.046357326,0.592648,0.44338605,-0.059656657,0.5771876,0.4496526,-0.067207545,0.56725574,0.35510302,-0.03764782,0.5985054,0.40716717,-0.06123833,0.57896334,0.43240717,-0.07225981,0.5616297,0.43526375,-0.078213856,0.56359696,0.32025898,-0.051160797,0.57942104,0.3769577,-0.07457791,0.5539757,0.4011193,-0.07949904,0.5366604,0.4048451,-0.080203176,0.55248326,0.28522274,-0.06420834,0.557493,0.33124366,-0.08213945,0.54062897,0.35306972,-0.08410376,0.5288532,0.3588016,-0.08404132
0.501398,0.26947227,2.6431098e-07,0.49613202,0.33665475,-0.002897138,0.5048205,0.40043566,-0.014957508,0.50044566,0.44684693,-0.029392803,0.4858515,0.48674792,-0.046539564,0.5606301,0.39152902,-0.030584628,0.5966281,0.4258343,-0.052602183,0.60591316,0.45430052,-0.066578336,0.6104784,0.4731545,-0.07622929,0.5658299,0.3582447,-0.044850975,0.59911674,0.40899336,-0.07180247,0.58430535,0.4365256,-0.08499005,0.5689749,0.44466978,-0.09227063,0.5616947,0.32156202,-0.058907207,0.57584864,0.37501892,-0.086776935,0.5541101,0.40100843,-0.09543708,0.5383466,0.40929884,-0.098340385,0.54955834,0.28540733,-0.0722797,0.5549011,0.3279103,-0.09442552,0.5399703,0.34982502,-0.10007274,0.52834684,0.3585602,-0.10276303
0.4985515,0.25959313,1.5585165e-07,0.49500483,0.33250627,-0.00038345548,0.50380355,0.39797902,-0.011943192,0.49944618,0.44573605,-0.026467612,0.48682916,0.48591658,-0.042900622,0.5587907,0.3795828,-0.026515147,0.5930886,0.41215062,-0.04917127,0.5886204,0.43602753,-0.064336576,0.57923347,0.445053,-0.07383953,0.5634154,0.34668517,-0.040809516,0.58683693,0.39524046,-0.06605255,0.56614804,0.4198656,-0.07858936,0.54826385,0.42248827,-0.08624565,0.5594918,0.31236452,-0.05522698,0.57277876,0.36752334,-0.079280116,0.55162996,0.394622,-0.086823136,0.5366614,0.40057066,-0.090358034,0.54773396,0.2788599,-0.069038995,0.5526252,0.32515463,-0.08709595,0.5375851,0.34712994,-0.09122972,0.52589595,0.353823,-0.09370873
0.49767235,0.26348886,2.1356718e-07,0.4951793,0.3382048,9.77614e-05,0.50360507,0.4025956,-0.011317529,0.49875996,0.4505437,-0.025785008,0.48519406,0.49120793,-0.041833792,0.55998766,0.37716955,-0.02430783,0.5949278,0.4080619,-0.044211704,0.5874255,0.43509158,-0.05668025,0.57592773,0.44482398,-0.06442974,0.563908,0.34555146,-0.037935354,0.5846273,0.39892069,-0.060615756,0.5612451,0.42249322,-0.07071592,0.5445858,0.420898,-0.076723054,0.55956316,0.31230015,-0.051587023,0.57118386,0.37316748,-0.073085,0.54767215,0.39839855,-0.07774932,0.5338494,0.40044758,-0.07956069,0.5475928,0.27898976,-0.06464643,0.5503657,0.32765856,-0.080575846,0.53499275,0.35143408,-0.082726136,0.5252595,0.357331,-0.08388825
0.4967576,0.2631473,2.1316298e-07,0.49200448,0.3376066,-0.00016892576,0.5008319,0.4008556,-0.011831053,0.49658692,0.44652742,-0.02659322,0.4828365,0.4853568,-0.04389385,0.55611616,0.38005298,-0.028939232,0.59026104,0.408732,-0.05255456,0.586122,0.43473813,-0.06820489,0.576434,0.44635728,-0.07829657,0.55913204,0.34807798,-0.0440478,0.5856544,0.39754042,-0.07105734,0.56699896,0.42433655,-0.08515555,0.55095184,0.42856959,-0.09382838,0.554632,0.31358835,-0.059019536,0.5698712,0.36942914,-0.0861065,0.5472354,0.39583883,-0.09535406,0.53224444,0.40086666,-0.09948581,0.542632,0.279087,-0.073044606,0.5484981,0.32397392,-0.09478006,0.5333363,0.3467577,-0.100745,0.5218321,0.35399547,-0.10411369
0.49691454,0.2572167,2.0951576e-07,0.49156114,0.3348101,0.0023752274,0.5000772,0.39827216,-0.009970709,0.49579763,0.4461309,-0.025741952,0.48388547,0.48732993,-0.044324737,0.5543006,0.37516263,-0.035365757,0.5874871,0.40379977,-0.060449958,0.5835692,0.4307108,-0.07571951,0.5748545,0.4407677,-0.08558009,0.5575512,0.34248698,-0.05268814,0.5798509,0.39293703,-0.082579255,0.5575445,0.4183769,-0.09663335,0.5393595,0.41822046,-0.105355635,0.5525589,0.30812287,-0.06928974,0.5663853,0.36458802,-0.099167585,0.5429686,0.3913416,-0.10945853,0.52804303,0.39445466,-0.11443961,0.5407797,0.27378443,-0.08435668,0.54556096,0.31988382,-0.107533485,0.53097576,0.34398633,-0.114625216,0.5200257,0.35142088,-0.11934259
0.49491483,0.25637454,2.1308692e-07,0.49128214,0.33362317,0.0008418045,0.4983587,0.39766034,-0.011359041,0.4926335,0.44494343,-0.026768751,0.48109168,0.4849667,-0.04379656,0.5539499,0.36973304,-0.028925443,0.58608735,0.40049344,-0.050338615,0.58086115,0.4278916,-0.06245592,0.57245016,0.4365607,-0.0697655,0.5588424,0.33796898,-0.043584187,0.5740188,0.3925547,-0.06836965,0.5478004,0.41232595,-0.07697233,0.5314857,0.40679353,-0.08147393,0.55417675,0.30488253,-0.057980213,0.5652258,0.3669479,-0.082369335,0.53908837,0.38823402,-0.08460168,0.5245906,0.3854275,-0.08393335,0.5416235,0.27181265,-0.071545415,0.54333913,0.32158828,-0.090025425,0.52711546,0.34582525,-0.09130488,0.51753837,0.35102415,-0.091245025
0.49284738,0.24848162,1.9945415e-07,0.48876658,0.32861194,0.0014919818,0.49646127,0.39408323,-0.010144944,0.4907837,0.44381818,-0.025233997,0.47779974,0.48607397,-0.04234986,0.5536518,0.36471975,-0.02671439,0.58343464,0.39557475,-0.048081633,0.5776297,0.42120677,-0.061361082,0.5694453,0.42931646,-0.06990486,0.55737567,0.3332641,-0.04192946,0.57294214,0.3869143,-0.067069225,0.54836226,0.40884423,-0.07807376,0.53066164,0.40525004,-0.08457122,0.5519916,0.30083272,-0.056923963,0.56331176,0.36057177,-0.0810443,0.5385901,0.3842698,-0.08591229,0.52301145,0.3847527,-0.08743201,0.5389337,0.269161,-0.07109116,0.5417324,0.31685343,-0.08933819,0.52645373,0.34150097,-0.09223148,0.5155485,0.34904474,-0.09369297
0.4958145,0.2540369,2.8102704e-07,0.48817015,0.33260244,0.002772739,0.49433723,0.396238,-0.011233501,0.48854497,0.44192535,-0.029024685,0.47749987,0.48450908,-0.05017568,0.5516267,0.37604254,-0.039798636,0.5813209,0.4114699,-0.068118826,0.58278203,0.4383607,-0.0853661,0.5840806,0.44769043,-0.096912906,0.55497473,0.34250888,-0.06004659,0.5825832,0.3958667,-0.092475176,0.5682622,0.42310888,-0.10825232,0.559431,0.42710996,-0.118529156,0.5489298,0.30472064,-0.07925507,0.5649043,0.36543885,-0.114366226,0.5410374,0.39082563,-0.12512368,0.5283126,0.39362538,-0.12966849,0.5351166,0.26892334,-0.09649751,0.53831184,0.3174329,-0.1247221,0.52300954,0.34137613,-0.13184415,0.5132615,0.34727967,-0.13599248
0.49595687,0.24679151,2.2583416e-07,0.48730016,0.33195058,0.008342581,0.49406493,0.39461362,-0.007777359,0.48948875,0.4425368,-0.028451027,0.47703567,0.48644948,-0.053230453,0.5485719,0.37033936,-0.055638332,0.5820985,0.40394107,-0.090135075,0.5792038,0.42959565,-0.10980329,0.5738234,0.43656027,-0.12282754,0.55082935,0.33656132,-0.08009881,0.5723268,0.38615993,-0.11955453,0.5541146,0.4128015,-0.13624263,0.5398588,0.41576007,-0.14789397,0.5446385,0.29870725,-0.102383696,0.5618672,0.35610062,-0.14438108,0.54113567,0.38337907,-0.16040774,0.52642924,0.38699862,-0.16923416,0.5328068,0.26321554,-0.12144798,0.5346672,0.30565763,-0.15631329,0.52227145,0.33132523,-0.17036997,0.51193863,0.34106857,-0.18044622
0.49767798,0.23979414,2.1395832e-07,0.48637402,0.3271755,0.012314824,0.49240837,0.3886739,-0.0049735513,0.4876538,0.4381775,-0.026964858,0.47564504,0.48464322,-0.053183157,0.54794306,0.36413506,-0.06733719,0.5862595,0.3971532,-0.10886239,0.5790321,0.42635134,-0.1312106,0.5693517,0.4306624,-0.14468704,0.54863113,0.33065513,-0.0947423,0.56791246,0.38066146,-0.14034212,0.54574126,0.40682858,-0.15590286,0.5291476,0.40407625,-0.1661525,0.5412705,0.29241836,-0.11950253,0.55989516,0.34756625,-0.16898195,0.5404575,0.377828,-0.18661986,0.5257425,0.37930876,-0.19546022,0.53082234,0.25696188,-0.13979611,0.53199834,0.29950827,-0.18208645,0.52027696,0.32900319,-0.19937173,0.509744,0.33843902,-0.21117148
0.4945708,0.23631325,2.6513865e-07,0.48168117,0.32552513,0.008890308,0.48755175,0.38870564,-0.009376598,0.48294184,0.4380994,-0.031469956,0.4696518,0.48309052,-0.05871273,0.5454331,0.36845532,-0.07267442,0.5810582,0.40123776,-0.11537399,0.58520526,0.42721808,-0.14148799,0.58666193,0.43563247,-0.15885998,0.5469011,0.3319043,-0.099198714,0.57894254,0.3771448,-0.1466266,0.5716588,0.41077363,-0.17092572,0.5625421,0.42325747,-0.18930593,0.5402533,0.2911239,-0.12216461,0.5600075,0.34206235,-0.17441784,0.54106337,0.37532008,-0.20097819,0.5237439,0.3829883,-0.21670435,0.5276361,0.25424904,-0.14050098,0.52977467,0.29678246,-0.18328536,0.5153399,0.3250064,-0.20372127,0.50032,0.33504826,-0.21896335
0.49470535,0.22857107,2.8817013e-07,0.47893226,0.31867394,0.0075688385,0.48288274,0.3830143,-0.014439342,0.47750384,0.43249574,-0.040395457,0.46837962,0.4821818,-0.072312616,0.5400861,0.36812037,-0.080371134,0.5762306,0.40224174,-0.1288488,0.58461183,0.42899984,-0.1605365,0.5892054,0.43742493,-0.18187265,0.54070807,0.32838786,-0.10963697,0.57663846,0.37374744,-0.1657371,0.5739741,0.4058656,-0.19696426,0.5665621,0.4171437,-0.2196544,0.53363454,0.28452253,-0.13513862,0.5525862,0.33006716,-0.19393122,0.53649557,0.36594877,-0.22600095,0.5188329,0.37828264,-0.2452217,0.5217819,0.24463177,-0.1558181,0.525481,0.2827515,-0.20291573,0.5115515,0.31267855,-0.22630498,0.4951623,0.32665136,-0.24383226
0.49043995,0.22552063,3.4412272e-07,0.4743027,0.31586677,0.004909886,0.47705236,0.38263926,-0.019940203,0.4691338,0.43232125,-0.047509905,0.45833915,0.48346195,-0.08199538,0.5374102,0.36757764,-0.09774347,0.5793087,0.4091524,-0.15210727,0.60901004,0.45092967,-0.18787083,0.6325476,0.478026,-0.21408276,0.53697425,0.32373193,-0.12820916,0.58029705,0.3695586,-0.19321221,0.56658584,0.40104768,-0.22313182,0.546865,0.4121808,-0.2443281,0.5269179,0.2766474,-0.15494038,0.5460738,0.32161996,-0.22324902,0.52529615,0.3543428,-0.2556126,0.5055007,0.36406127,-0.2743599,0.51142853,0.23740715,-0.1767393,0.5163766,0.2712103,-0.23525174,0.50311285,0.30277115,-0.26507455,0.4870608,0.31856218,-0.286966
0.47731048,0.20689118,2.6519976e-07,0.4648901,0.30079675,0.013510889,0.46915686,0.37142926,-0.0089779105,0.4620758,0.42515987,-0.03575944,0.45267773,0.4802963,-0.068919785,0.5306256,0.34971675,-0.095194414,0.57589954,0.4043249,-0.14862575,0.60239553,0.4518898,-0.1815156,0.62823164,0.4816778,-0.20559992,0.5279026,0.30589294,-0.12983987,0.57609606,0.35863495,-0.19386175,0.5523703,0.39489254,-0.21816337,0.52705353,0.40446457,-0.23518527,0.51479566,0.25785303,-0.16015498,0.5393892,0.3113447,-0.22820443,0.5132364,0.34847933,-0.2559506,0.49331206,0.35785252,-0.271422,0.4956981,0.21995653,-0.1846463,0.49899745,0.2599513,-0.24405898,0.48653245,0.2907255,-0.2725187,0.47733212,0.3014121,-0.29335356
0.46803245,0.18438326,2.4938413e-07,0.45662627,0.285839,0.014820254,0.4613536,0.36006847,-0.008474783,0.45363468,0.4178549,-0.03558861,0.44627586,0.47886774,-0.06958366,0.52362216,0.3426066,-0.1002957,0.5670453,0.40173465,-0.15668024,0.5968289,0.45132852,-0.19203074,0.62485623,0.48126954,-0.2177698,0.5203618,0.2984965,-0.13517024,0.56289226,0.35121277,-0.20165426,0.5388902,0.38850912,-0.22664851,0.5129601,0.40033093,-0.24464202,0.50488454,0.24797475,-0.16524643,0.524114,0.30176598,-0.23583017,0.49721718,0.34467888,-0.26434267,0.4748826,0.35948545,-0.28055328,0.48259604,0.20674855,-0.1889677,0.4867568,0.24705394,-0.25057748,0.47397634,0.28296953,-0.27934793,0.4622885,0.30049106,-0.3004612
0.4499702,0.18162957,3.3641885e-07,0.44245434,0.28316087,-0.00067615544,0.4492226,0.36454386,-0.03099692,0.44088346,0.42482686,-0.06384303,0.43209875,0.48852038,-0.102929175,0.5161945,0.34110662,-0.10704533,0.5577903,0.40267867,-0.16215055,0.5868674,0.44746453,-0.19710912,0.61550164,0.47764197,-0.2239249,0.5133015,0.29071912,-0.13850898,0.5548557,0.34973943,-0.2065624,0.52991366,0.38496682,-0.23913236,0.5060222,0.39953285,-0.26309314,0.49731657,0.23898101,-0.16594556,0.511477,0.3003338,-0.23431596,0.47850603,0.3386719,-0.26501873,0.45456648,0.35268244,-0.28398678,0.4724052,0.19487607,-0.1895353,0.47733977,0.24154878,-0.24701342,0.4601782,0.2765124,-0.27483407,0.44483954,0.29381043,-0.29604635
0.44291797,0.17039922,3.9769134e-07,0.43435127,0.27763683,-0.00050610816,0.44296944,0.35967872,-0.029841902,0.435458,0.42406332,-0.061749317,0.4289766,0.48704827,-0.100521475,0.51002425,0.3386528,-0.10448935,0.5530963,0.40592954,-0.15928924,0.58593357,0.45192412,-0.19452259,0.6161511,0.4834305,-0.22118732,0.5091712,0.28734478,-0.13494311,0.54408115,0.3473329,-0.2037143,0.52169573,0.38399416,-0.23762341,0.5001223,0.4006381,-0.26155543,0.4937354,0.23481083,-0.16128513,0.5034244,0.29502696,-0.23042141,0.47729376,0.3388835,-0.26411715,0.4587437,0.36087745,-0.2847176,0.46839014,0.18827707,-0.18343793,0.46856898,0.2323162,-0.23960526,0.4534067,0.26793662,-0.26701412,0.4402827,0.29090258,-0.2878982
0.43443188,0.16845728,3.625056e-07,0.42658415,0.27403343,-0.009206301,0.43460482,0.35974383,-0.03454372,0.42990947,0.42594478,-0.061418716,0.42320323,0.48637292,-0.09266798,0.5082136,0.34055123,-0.08145096,0.55516756,0.40785503,-0.12427234,0.5882082,0.45097345,-0.15090467,0.61943126,0.48268872,-0.17193739,0.51085037,0.28862777,-0.104318306,0.54298764,0.34575593,-0.15932816,0.5156773,0.380791,-0.18493757,0.49194902,0.39876327,-0.20191273,0.49564022,0.23478448,-0.12527801,0.5036519,0.29176357,-0.17794256,0.47323766,0.33543453,-0.19784935,0.4514161,0.36167392,-0.20944968,0.46716443,0.18418233,-0.14502403,0.46504492,0.2264353,-0.18801092,0.44936055,0.26312548,-0.20574678,0.43734252,0.29154778,-0.21864
0.4262815,0.16387272,3.0888845e-07,0.42397064,0.27317604,-0.006422628,0.4326195,0.3607908,-0.028604245,0.4281861,0.42463204,-0.05339,0.42165568,0.48501047,-0.08227014,0.5016566,0.34482285,-0.067122586,0.54764384,0.40492898,-0.104461044,0.57724565,0.44246197,-0.12674472,0.605813,0.47119114,-0.14460647,0.50638336,0.29137802,-0.09049073,0.5430714,0.34650105,-0.14013973,0.5151051,0.37904602,-0.16315801,0.48905823,0.39469388,-0.17763871,0.49390522,0.23435572,-0.112457864,0.49916795,0.28966415,-0.16152461,0.46953845,0.33112943,-0.18031557,0.44856942,0.35565022,-0.19067077,0.46728435,0.17924482,-0.13321196,0.46345884,0.22110294,-0.17385016,0.4436939,0.25786602,-0.19066778,0.4284984,0.28612858,-0.20241126
0.4241119,0.15592445,3.6059492e-07,0.4216717,0.26807696,-0.009168692,0.43162677,0.35673136,-0.03303391,0.4270646,0.4236442,-0.058989234,0.42153317,0.4865401,-0.089389704,0.50289595,0.336068,-0.072948225,0.54744333,0.40100121,-0.11356849,0.579372,0.44197464,-0.13905172,0.6094583,0.47348604,-0.15941638,0.5056945,0.28376666,-0.09583455,0.53766805,0.34254944,-0.14937784,0.51309484,0.3758214,-0.1761138,0.49060607,0.3923383,-0.19379388,0.49141163,0.22835097,-0.117339484,0.49768627,0.28517705,-0.16957591,0.46980572,0.3285938,-0.19102544,0.44903553,0.35494962,-0.20348462,0.46459883,0.17387551,-0.13777855,0.46330503,0.21466671,-0.18156098,0.4468542,0.2530468,-0.20103304,0.4327516,0.2843822,-0.21489911
0.42399788,0.15892431,3.5030493e-07,0.4252387,0.27176535,-0.0079927165,0.4338778,0.36165172,-0.029006902,0.42845875,0.42885488,-0.05240823,0.4208392,0.48802125,-0.07911393,0.50768405,0.33801532,-0.061163817,0.5500165,0.4058429,-0.09572271,0.5810731,0.44555342,-0.11640516,0.61038125,0.47694287,-0.13304712,0.5107703,0.28498086,-0.08155239,0.53747976,0.34387836,-0.12725697,0.514441,0.3758752,-0.14798519,0.4948796,0.39273253,-0.16128771,0.49602613,0.23046064,-0.10088695,0.49456933,0.28950286,-0.14489569,0.4667269,0.32967335,-0.15950015,0.4474236,0.3526361,-0.16733071,0.46706957,0.1783422,-0.11977549,0.46161968,0.22264017,-0.1552587,0.44558358,0.25877392,-0.16882633,0.4339103,0.28696704,-0.17820865
0.4212627,0.15235375,3.3896748e-07,0.42544758,0.266872,-0.0059957723,0.43585366,0.35706377,-0.026215041,0.42944497,0.42575642,-0.049621474,0.42399317,0.4872281,-0.076512866,0.50919586,0.3309558,-0.055911466,0.5508439,0.39813665,-0.0903672,0.57945824,0.44020626,-0.11258757,0.608289,0.4720955,-0.1306383,0.51100045,0.27955526,-0.077857554,0.5390548,0.34361598,-0.123330414,0.51006305,0.3773941,-0.14596722,0.48782814,0.39037448,-0.1608742,0.4947078,0.22591412,-0.09873316,0.4999279,0.2890812,-0.14327767,0.46980402,0.3312421,-0.1590711,0.45021963,0.34975183,-0.16772035,0.46513236,0.17398123,-0.11885092,0.46200058,0.22309469,-0.1546543,0.4447973,0.26165494,-0.168318,0.43312925,0.28630057,-0.17805591
0.41809487,0.15776679,3.8158655e-07,0.4242989,0.27085084,-0.008344889,0.43584493,0.36070934,-0.029391471,0.43181938,0.43022218,-0.052953657,0.42398047,0.49086225,-0.07983605,0.5088092,0.3366485,-0.058965474,0.5536056,0.40206665,-0.0925073,0.5845952,0.4410504,-0.11287996,0.6130351,0.47274607,-0.12915652,0.51081586,0.2829858,-0.07890084,0.5418476,0.3414251,-0.123316005,0.51976764,0.37522072,-0.14382218,0.49879962,0.39183855,-0.15680628,0.49533874,0.2281654,-0.09782374,0.49777913,0.2881528,-0.14102206,0.46971017,0.32930362,-0.15546474,0.44881564,0.35010323,-0.16280931,0.46628585,0.17585215,-0.11627106,0.46301877,0.2223002,-0.1507886,0.44624597,0.260594,-0.16371231,0.4330084,0.2883197,-0.17240924
0.41887623,0.15303507,3.7242938e-07,0.42609522,0.26700014,-0.00720647,0.43740475,0.35766518,-0.029446188,0.43113855,0.42718196,-0.05443318,0.42372867,0.48832655,-0.08343913,0.5078298,0.33112803,-0.06317813,0.55348223,0.39741072,-0.09841141,0.5845469,0.43857515,-0.12037931,0.6138404,0.47108537,-0.13827857,0.50900614,0.27808732,-0.08534166,0.54317844,0.34387836,-0.13260177,0.515003,0.37825492,-0.15527721,0.49036816,0.39229503,-0.1698148,0.49287638,0.22324052,-0.10589694,0.50398606,0.29225105,-0.15085915,0.47364452,0.33385143,-0.16606548,0.45107013,0.35058403,-0.17423621,0.46410322,0.16951689,-0.12575483,0.46796143,0.21657467,-0.1625292,0.45221692,0.25555378,-0.1768561,0.43945542,0.2819193,-0.18686639
0.42218465,0.14938189,3.971305e-07,0.42546153,0.2653455,-0.009262902,0.4380642,0.35611594,-0.034319602,0.43317583,0.4269278,-0.061305553,0.42727223,0.49131942,-0.09235199,0.5106219,0.3311617,-0.07528011,0.554398,0.39895654,-0.11549937,0.586147,0.44017392,-0.14079884,0.6161163,0.47281453,-0.16124684,0.5121868,0.27600235,-0.09745846,0.54465544,0.33616918,-0.1490386,0.5218911,0.37141317,-0.17392042,0.5018709,0.39025933,-0.19143423,0.49603587,0.22105509,-0.11799533,0.50041217,0.28355587,-0.16667324,0.47381446,0.32729307,-0.18478654,0.45505157,0.34919804,-0.19602637,0.46613747,0.16960303,-0.13779002,0.46589994,0.21928698,-0.17705253,0.45159832,0.25888383,-0.19384319,0.44077235,0.28715566,-0.20671329
0.42151737,0.14299606,3.5902534e-07,0.42706266,0.25960857,-0.006187353,0.4392634,0.35326385,-0.02607305,0.4339404,0.426313,-0.04880838,0.4277019,0.4889977,-0.07471817,0.51380754,0.32447585,-0.05571509,0.55552244,0.39332193,-0.08808501,0.5851116,0.43573478,-0.10824814,0.6140013,0.46898788,-0.12492444,0.5165866,0.27101457,-0.076348424,0.5466256,0.33685985,-0.11903142,0.52047765,0.37199864,-0.13916276,0.49874938,0.38675606,-0.15257043,0.5002303,0.21759799,-0.095849335,0.50487155,0.28410774,-0.13625734,0.47654352,0.3266862,-0.14926003,0.45687914,0.34500623,-0.15654923,0.46969545,0.16743506,-0.11497659,0.46836928,0.21917604,-0.14704943,0.45258135,0.25916663,-0.15934221,0.44100103,0.2857431,-0.16841207
0.41903186,0.1459576,3.9522266e-07,0.42685106,0.26146385,-0.0060028415,0.44067946,0.35195822,-0.028576672,0.43616435,0.42330506,-0.05384809,0.42934832,0.48633805,-0.08240456,0.5150411,0.32564437,-0.06329658,0.5584181,0.39470717,-0.098469056,0.5880892,0.4366757,-0.12026694,0.61692035,0.46911272,-0.1379572,0.5164467,0.27038813,-0.08516952,0.54878026,0.3366193,-0.13025513,0.52149177,0.37338057,-0.14986047,0.4990372,0.38834006,-0.16296023,0.49904588,0.21596974,-0.10540624,0.5049052,0.28725135,-0.14686112,0.47510177,0.32913047,-0.15698329,0.456629,0.34333116,-0.16254373,0.46730402,0.16584042,-0.12516326,0.46387163,0.22261342,-0.15705045,0.4493447,0.2614872,-0.16668256,0.4425343,0.28265873,-0.17396905
0.41911927,0.14389014,3.8694822e-07,0.42992097,0.25970566,-0.0065995296,0.4427422,0.35184923,-0.028719261,0.43612677,0.42286968,-0.05367538,0.4276235,0.4849047,-0.08168497,0.5156402,0.32338962,-0.05785032,0.5603101,0.39180255,-0.091395296,0.58953565,0.43367425,-0.11254539,0.6183945,0.4661696,-0.12975356,0.5169878,0.2684625,-0.079189114,0.5531258,0.33518937,-0.12259449,0.5231938,0.3702822,-0.141588,0.49807194,0.38317972,-0.15364265,0.49982104,0.21401913,-0.09926004,0.50784016,0.2851289,-0.13909103,0.47693136,0.32622898,-0.14857236,0.45694768,0.3387444,-0.15327197,0.4683407,0.16311128,-0.1191162,0.4680883,0.21755646,-0.14951555,0.45224714,0.25672668,-0.15832588,0.4435129,0.27790442,-0.16481729
0.42139608,0.14317383,3.8028062e-07,0.43203497,0.25905323,-0.0044501843,0.4447977,0.3506664,-0.0267768,0.43851185,0.4215963,-0.05228242,0.43059152,0.48422796,-0.08104053,0.51828027,0.32410672,-0.06029932,0.5622353,0.39361835,-0.094899215,0.5917738,0.43606696,-0.11655121,0.6208386,0.46801713,-0.13404527,0.5191042,0.26754615,-0.083100826,0.5532581,0.33472198,-0.12783405,0.5234562,0.3692234,-0.14670403,0.49872825,0.38072124,-0.15869522,0.5010407,0.2129703,-0.10424759,0.5077208,0.28513157,-0.14446488,0.47786394,0.32674226,-0.15288073,0.45910585,0.33924556,-0.1570399,0.4685885,0.16363236,-0.12495496,0.4679713,0.22208887,-0.15496744,0.4533677,0.26156202,-0.16255602,0.44604963,0.2819447,-0.1683274
0.4263012,0.14795208,3.5019215e-07,0.43392658,0.2620669,-0.006660792,0.44467235,0.35125074,-0.029338887,0.43856877,0.4202069,-0.054738954,0.4337037,0.48024815,-0.08322498,0.51992244,0.3309975,-0.05832626,0.5656897,0.3973157,-0.091163814,0.5952421,0.43726054,-0.11209077,0.6243201,0.46723235,-0.12907416,0.5210259,0.27450824,-0.07942188,0.55710065,0.3362908,-0.12178362,0.5250821,0.368235,-0.14002113,0.4996259,0.3781288,-0.15155196,0.5041366,0.21795501,-0.09903836,0.5134542,0.28486797,-0.13714197,0.48232597,0.32574716,-0.14502765,0.4631468,0.33740243,-0.14904349,0.4729053,0.16535811,-0.1183812,0.47450164,0.21687442,-0.14690351,0.4582247,0.25652412,-0.15360309,0.44938365,0.2771342,-0.15870354
0.42760056,0.15258202,3.7251237e-07,0.43825617,0.2649125,-0.0050494946,0.4493429,0.3506547,-0.029180687,0.44136012,0.41458926,-0.05659854,0.43410158,0.4734571,-0.08788737,0.522413,0.32750747,-0.06558803,0.5678552,0.39481053,-0.10333124,0.59583986,0.4374068,-0.12800808,0.6246974,0.46936136,-0.14792305,0.5225251,0.27180102,-0.0897538,0.5551353,0.33528864,-0.13833623,0.52288103,0.3712759,-0.16218992,0.5010844,0.38378748,-0.17833075,0.50523955,0.2149162,-0.11193197,0.5150765,0.2781051,-0.15724115,0.48364395,0.32335633,-0.17201805,0.4660626,0.3391291,-0.18064445,0.4744302,0.16163555,-0.13306537,0.47543156,0.21240285,-0.16726246,0.45911738,0.2529831,-0.1788817,0.45111886,0.27431,-0.18809229
0.4234816,0.14933026,3.5058483e-07,0.43120226,0.25879687,-0.0072220196,0.44474816,0.34576964,-0.030546369,0.44062525,0.41406825,-0.05673151,0.43582386,0.47655886,-0.08624816,0.51904905,0.3231798,-0.061658155,0.5641502,0.3903427,-0.09815746,0.59267366,0.43413997,-0.12192229,0.6215935,0.4656048,-0.14102337,0.52230537,0.26877373,-0.08377687,0.5545436,0.33353156,-0.13065381,0.5203026,0.36861724,-0.15218382,0.49613076,0.37724778,-0.16600323,0.50623137,0.21332279,-0.10451444,0.513475,0.27769446,-0.14832947,0.4810844,0.32074022,-0.16008046,0.46360198,0.33343545,-0.16610982,0.47603872,0.16227694,-0.124606006,0.47394934,0.21371548,-0.15733136,0.4581095,0.25299567,-0.16674551,0.45184237,0.27203634,-0.17382123
0.42527342,0.14761074,3.7554702e-07,0.4347153,0.25531965,-0.007116071,0.4480148,0.34487426,-0.03110927,0.44146925,0.4150496,-0.057875108,0.43396372,0.47986847,-0.08810638,0.519964,0.32003704,-0.063013196,0.5637211,0.39062262,-0.09873675,0.5926397,0.4330198,-0.12167554,0.62185955,0.46326244,-0.1402399,0.52205366,0.2647645,-0.08502125,0.55614805,0.33343822,-0.13067612,0.52375066,0.3689579,-0.15163527,0.50007623,0.37898025,-0.16534837,0.50546134,0.20975433,-0.10535568,0.51579076,0.2809248,-0.14724313,0.48319206,0.32287073,-0.15764545,0.4644455,0.3337388,-0.163166,0.47387126,0.15987024,-0.12518261,0.4730037,0.21612182,-0.15651105,0.45770693,0.2550956,-0.1653255,0.4516018,0.2727351,-0.17219378
0.42435384,0.14987692,3.7674315e-07,0.4340971,0.25757754,-0.006328517,0.44713673,0.34450155,-0.030288141,0.44187477,0.4125596,-0.057070393,0.43495768,0.4742226,-0.087186724,0.52069855,0.32019937,-0.0625674,0.56369114,0.39125705,-0.09852935,0.59228516,0.43507567,-0.121641055,0.62119544,0.46526715,-0.14011155,0.52178,0.26537392,-0.08471622,0.5539428,0.33281872,-0.13083622,0.5203701,0.36841878,-0.15084733,0.49640572,0.3771838,-0.16343871,0.5043521,0.21078613,-0.10508396,0.5132433,0.2799819,-0.14685869,0.48035955,0.32217792,-0.1551258,0.46196628,0.3324269,-0.15873457,0.4729768,0.16180138,-0.12491913,0.4713967,0.21831831,-0.15539677,0.4555563,0.25672287,-0.16188802,0.44984278,0.27295846,-0.1666468
0.42386472,0.15411147,3.5549866e-07,0.4311734,0.26035115,-0.0075872648,0.44360322,0.34662876,-0.030933352,0.43887642,0.4131376,-0.05703067,0.43382302,0.47314107,-0.08648734,0.5186306,0.32364884,-0.06044954,0.5641941,0.3906382,-0.09655286,0.5928702,0.43380067,-0.12019005,0.62198555,0.46349356,-0.13891155,0.520709,0.26962718,-0.08206618,0.55457544,0.3339389,-0.12863378,0.5194421,0.3676612,-0.1494933,0.49515733,0.37445197,-0.1622516,0.50424916,0.21451464,-0.102254845,0.5136522,0.27775168,-0.14559393,0.4798076,0.3189798,-0.15558398,0.46195376,0.32966793,-0.1598696,0.47428024,0.16389234,-0.12188659,0.4729918,0.21310362,-0.15386356,0.45637238,0.25080052,-0.16143112,0.45000085,0.26775503,-0.1667066
0.42495984,0.15138012,3.350837e-07,0.43271565,0.25815606,-0.0057758004,0.44496965,0.34637773,-0.027170004,0.43918893,0.41347516,-0.051830374,0.43235725,0.47270873,-0.0798207,0.5184579,0.32267842,-0.05441849,0.56284195,0.3890605,-0.086978,0.590256,0.43120128,-0.10828273,0.6189463,0.45923716,-0.12554482,0.51983935,0.2683065,-0.07611436,0.5511805,0.3325088,-0.11861693,0.5161667,0.36669514,-0.13733055,0.49242103,0.37196112,-0.14868842,0.50243413,0.21305138,-0.09644484,0.5103913,0.27617168,-0.13529518,0.4773803,0.3183654,-0.14303571,0.4604594,0.32845426,-0.14621758,0.47106737,0.16309643,-0.11634335,0.4688981,0.21487147,-0.14392184,0.45324996,0.25275582,-0.14885618,0.44812486,0.2679761,-0.15257584
0.42383155,0.15508337,3.4735223e-07,0.43049842,0.26127076,-0.007564171,0.44243532,0.3480165,-0.031826593,0.43696362,0.41341886,-0.058897007,0.4317246,0.47282237,-0.08978999,0.5147721,0.3241598,-0.06679726,0.56090504,0.3891307,-0.105208874,0.58905864,0.43095177,-0.13046272,0.6177173,0.46028292,-0.15043218,0.5165193,0.2696073,-0.089827456,0.54997057,0.3303536,-0.13958998,0.51819575,0.3649055,-0.16315188,0.49579614,0.3737114,-0.1781671,0.5003245,0.21402098,-0.11120995,0.509347,0.27623647,-0.15735573,0.47681087,0.31774795,-0.1710093,0.45894098,0.3298054,-0.17811261,0.470104,0.16267167,-0.13187458,0.46897733,0.2108277,-0.16682708,0.45304778,0.24856278,-0.17783469,0.4454216,0.2671926,-0.18595627
0.4266361,0.15544708,3.6224142e-07,0.43110883,0.25988752,-0.007763374,0.44203362,0.34643912,-0.03287417,0.43541077,0.4121761,-0.06060495,0.4297182,0.47211242,-0.092589624,0.5136104,0.3247518,-0.07170562,0.55968183,0.39087313,-0.110478975,0.5881645,0.4336329,-0.13550244,0.61696565,0.4629366,-0.15550801,0.51451707,0.2692754,-0.09527139,0.54980725,0.32886758,-0.14619961,0.51710075,0.36512926,-0.1702407,0.4935208,0.3757684,-0.18564196,0.49794245,0.21299955,-0.116769165,0.5083756,0.27405304,-0.16401935,0.47518137,0.3179763,-0.1784492,0.45644945,0.33249998,-0.18613966,0.46782383,0.16166876,-0.13731872,0.46845987,0.20885418,-0.17305034,0.4528706,0.24796474,-0.18449521,0.44522882,0.26854855,-0.19310004
0.42155927,0.15191275,3.9284237e-07,0.4283561,0.25863218,-0.006777584,0.43949786,0.3452222,-0.03199199,0.43417636,0.41198254,-0.059798867,0.428174,0.4724896,-0.091138534,0.5115609,0.31977767,-0.07063862,0.5574399,0.38973758,-0.110114306,0.5860063,0.4344012,-0.13496158,0.6144806,0.46544853,-0.15439197,0.51337725,0.26380533,-0.09424022,0.5461618,0.32711214,-0.14521985,0.51405036,0.36361623,-0.16736928,0.48973787,0.3745376,-0.18113405,0.49657336,0.20805298,-0.11593413,0.50251204,0.27326706,-0.1632627,0.46989608,0.31749746,-0.17551117,0.45195022,0.3332462,-0.18142863,0.4657008,0.15835565,-0.13665773,0.46263298,0.21215573,-0.17161815,0.4451749,0.25106218,-0.18088011,0.43717453,0.27095896,-0.18764406
0.41558278,0.15103444,3.1692937e-07,0.42031068,0.25858244,-0.0031523623,0.43331188,0.34937924,-0.024161559,0.43092895,0.4175509,-0.04836264,0.42488745,0.47653028,-0.07578109,0.5070273,0.32485414,-0.05830633,0.5530428,0.39003772,-0.09245743,0.58105505,0.43310112,-0.113782845,0.6095735,0.4610618,-0.13057515,0.51028013,0.2674762,-0.08101046,0.5429893,0.32940146,-0.12531044,0.5097966,0.36625618,-0.14217196,0.48542345,0.37336373,-0.15194954,0.49359962,0.21072483,-0.102028035,0.4995309,0.27661058,-0.14418325,0.4666741,0.32193786,-0.15189019,0.44935918,0.33507034,-0.15431596,0.4616596,0.160984,-0.12196205,0.45752916,0.21889083,-0.15244144,0.44046015,0.2593584,-0.15780057,0.43419313,0.27733573,-0.16137324
0.41293505,0.15298176,3.294322e-07,0.4157641,0.26134774,-0.006475184,0.42793038,0.35119894,-0.030447239,0.4239938,0.41823405,-0.056900695,0.41869262,0.47739124,-0.08746371,0.49993062,0.32736078,-0.07117851,0.547565,0.39487374,-0.10921552,0.5772131,0.43782187,-0.13261168,0.6057123,0.46741867,-0.15090798,0.5013015,0.26924968,-0.09407959,0.53499186,0.32699773,-0.14316389,0.5051541,0.36156467,-0.16326676,0.48042834,0.37181357,-0.17577024,0.48457605,0.2116924,-0.1151559,0.4917298,0.2707463,-0.16066083,0.4637996,0.31464392,-0.1731617,0.44718674,0.3318639,-0.17977735,0.45302546,0.16066292,-0.13521385,0.45262355,0.20998627,-0.16914257,0.43665,0.24948053,-0.17876865,0.42761552,0.27270344,-0.18621702
0.4062054,0.15126862,2.9674177e-07,0.40511152,0.2626425,-0.008789807,0.41642654,0.34994176,-0.033817165,0.41352472,0.41641027,-0.060771424,0.41089624,0.47810727,-0.09205381,0.4887264,0.3324566,-0.0768414,0.5344157,0.3979951,-0.11700717,0.565371,0.43795854,-0.1414607,0.5932955,0.46723363,-0.16061078,0.49052516,0.27459297,-0.099097796,0.52291006,0.32533678,-0.15057452,0.49650005,0.35682547,-0.17283037,0.4712335,0.37134326,-0.18745844,0.47460946,0.21681991,-0.11975573,0.47890884,0.26771337,-0.16905075,0.45231152,0.31000835,-0.18654524,0.43329725,0.3326013,-0.19687596,0.4440762,0.1645741,-0.13933067,0.44237706,0.20463635,-0.17865054,0.42544502,0.2410262,-0.19377095,0.412369,0.26839435,-0.20505624
0.39914685,0.15318836,2.1093226e-07,0.39908072,0.26889086,-0.006692712,0.4041332,0.35821047,-0.027774565,0.39725843,0.42164212,-0.05089023,0.39166212,0.47705972,-0.076461315,0.46951994,0.33686522,-0.06273695,0.5157346,0.40125284,-0.09573846,0.54310924,0.43767872,-0.11412541,0.57096875,0.4644857,-0.12868655,0.47051844,0.28122476,-0.08321189,0.50241405,0.33062536,-0.1268551,0.4746035,0.3555378,-0.14175427,0.45131344,0.36458015,-0.1497819,0.45449644,0.22554216,-0.10228924,0.44695324,0.27565125,-0.14040203,0.41932893,0.30931705,-0.14506128,0.4063611,0.32453072,-0.14628811,0.4245295,0.17561774,-0.12137957,0.41518965,0.21663764,-0.14909121,0.39940962,0.24906269,-0.15295544,0.39282632,0.269672,-0.15550557
0.37934884,0.12930353,1.12386985e-07,0.37423238,0.24053174,-0.00837184,0.37434745,0.339985,-0.02694412,0.36691827,0.4111742,-0.04701102,0.3662557,0.4709138,-0.06901743,0.43510965,0.31537667,-0.058603063,0.48337266,0.38941854,-0.089663565,0.51250446,0.43189523,-0.10705732,0.5423868,0.46359056,-0.12079681,0.43521905,0.26648855,-0.07576631,0.45424622,0.3237565,-0.116970286,0.42259002,0.34938434,-0.13077952,0.39925873,0.35752034,-0.13873796,0.4196756,0.21550766,-0.09206965,0.41874528,0.27372473,-0.12864797,0.38794518,0.31251854,-0.13401993,0.36966264,0.3304672,-0.1362996,0.39102355,0.16828987,-0.108458556,0.3826844,0.21809381,-0.13462509,0.36392295,0.24963659,-0.13921349,0.35362887,0.26808673,-0.14284869
